customer_id,region,segment,industry,acquisition_channel,signup_date
CUST10001,West,Mid-Market,Retail,Email,2026-01-07
CUST10002,South,Mid-Market,Finance,Event,2025-06-06
CUST10003,West,Enterprise,Healthcare,Email,2025-05-25
CUST10004,East,Mid-Market,Retail,Partner,2025-03-12
CUST10005,North,SMB,Retail,Partner,2025-01-03
CUST10006,West,SMB,Retail,Referral,2025-10-01
CUST10007,West,Mid-Market,Finance,Referral,2026-06-23
CUST10008,West,SMB,Manufacturing,Email,2025-05-01
CUST10009,North,SMB,Healthcare,Website,2025-08-29
CUST10010,South,SMB,Manufacturing,Website,2026-05-26
CUST10011,South,Mid-Market,Healthcare,Referral,2026-02-26
CUST10012,West,Enterprise,Healthcare,Email,2025-01-03
CUST10013,East,Mid-Market,Finance,Email,2025-10-01
CUST10014,West,SMB,Finance,Partner,2025-03-20
CUST10015,South,SMB,Retail,Partner,2025-05-15
CUST10016,North,Mid-Market,Healthcare,Website,2025-05-15
CUST10017,East,SMB,Manufacturing,Referral,2025-12-01
CUST10018,North,Mid-Market,Healthcare,Website,2025-04-19
CUST10019,West,Mid-Market,Finance,Email,2025-05-18
CUST10020,East,SMB,Manufacturing,Email,2025-05-04
CUST10021,West,SMB,Finance,Referral,2025-07-14
CUST10022,South,SMB,Retail,Referral,2025-12-25
CUST10023,West,Enterprise,Manufacturing,Referral,2025-08-07
CUST10024,West,Mid-Market,Manufacturing,Event,2025-06-28
CUST10025,West,SMB,Finance,Partner,2025-10-10
CUST10026,North,Enterprise,Finance,Email,2025-12-02
CUST10027,South,SMB,Technology,Partner,2025-01-09
CUST10028,North,SMB,Finance,Email,2026-05-02
CUST10029,North,Enterprise,Manufacturing,Partner,2026-05-16
CUST10030,East,SMB,Finance,Referral,2025-11-25
CUST10031,East,SMB,Healthcare,Event,2025-11-10
CUST10032,West,Mid-Market,Technology,Email,2026-01-15
CUST10033,South,SMB,Healthcare,Email,2025-08-29
CUST10034,South,Mid-Market,Healthcare,Event,2025-07-19
CUST10035,South,SMB,Manufacturing,Referral,2025-07-12
CUST10036,North,SMB,Finance,Website,2025-03-29
CUST10037,North,SMB,Technology,Partner,2026-04-05
CUST10038,South,SMB,Technology,Referral,2025-06-25
CUST10039,North,SMB,Manufacturing,Partner,2025-06-05
CUST10040,East,SMB,Manufacturing,Referral,2026-06-11
CUST10041,South,Enterprise,Retail,Referral,2025-10-04
CUST10042,West,SMB,Technology,Referral,2025-12-06
CUST10043,East,SMB,Technology,Referral,2025-05-15
CUST10044,South,SMB,Technology,Email,2025-06-01
CUST10045,West,SMB,Retail,Partner,2026-02-02
CUST10046,West,SMB,Retail,Partner,2025-09-04
CUST10047,South,Mid-Market,Manufacturing,Website,2025-03-22
CUST10048,South,SMB,Technology,Partner,2026-04-02
CUST10049,East,Enterprise,Technology,Website,2025-08-08
CUST10050,North,Enterprise,Manufacturing,Referral,2025-12-31
CUST10051,North,SMB,Manufacturing,Partner,2025-07-06
CUST10052,North,SMB,Retail,Website,2025-11-03
CUST10053,West,SMB,Unknown,Referral,2026-02-28
CUST10054,East,Mid-Market,Technology,Referral,2026-04-29
CUST10055,East,SMB,Technology,Event,2025-04-24
CUST10056,West,Enterprise,Retail,Event,2026-01-03
CUST10057,South,Mid-Market,Manufacturing,Website,2026-05-15
CUST10058,East,Mid-Market,Retail,Email,2025-12-17
CUST10059,North,Mid-Market,Healthcare,Email,2025-03-20
CUST10060,North,Enterprise,Retail,Referral,2025-04-14
CUST10061,East,SMB,Technology,Partner,2025-04-21
CUST10062,South,SMB,Manufacturing,Email,2025-02-28
CUST10063,East,SMB,Manufacturing,Referral,2026-02-16
CUST10064,West,Enterprise,Retail,Website,2026-06-11
CUST10065,East,Mid-Market,Manufacturing,Referral,2025-10-10
CUST10066,East,Mid-Market,Finance,Referral,2025-11-23
CUST10067,East,SMB,Finance,Referral,2026-02-27
CUST10068,South,Enterprise,Healthcare,Referral,2025-08-15
CUST10069,North,SMB,Manufacturing,Website,2025-09-15
CUST10070,South,SMB,Retail,Event,2025-11-18
CUST10071,North,Enterprise,Technology,Website,2025-06-16
CUST10072,South,SMB,Manufacturing,Email,2025-02-03
CUST10073,West,SMB,Technology,Email,2025-11-07
CUST10074,North,Mid-Market,Finance,Email,2026-03-25
CUST10075,North,SMB,Technology,Event,2025-02-09
CUST10076,South,SMB,Retail,Website,2025-04-29
CUST10077,South,SMB,Finance,Referral,2025-05-24
CUST10078,East,SMB,Finance,Website,2026-03-16
CUST10079,East,Enterprise,Retail,Partner,2025-10-03
CUST10080,West,Mid-Market,Retail,Email,2025-10-19
CUST10081,East,SMB,Healthcare,Event,2025-12-19
CUST10082,South,SMB,Manufacturing,Referral,2025-06-01
CUST10083,West,SMB,Finance,Referral,2026-01-25
CUST10084,North,Mid-Market,Technology,Event,2025-01-17
CUST10085,North,Enterprise,Technology,Email,2025-03-04
CUST10086,North,Enterprise,Healthcare,Email,2026-03-22
CUST10087,East,SMB,Retail,Partner,2025-12-26
CUST10088,South,SMB,Finance,Partner,2025-04-07
CUST10089,North,SMB,Healthcare,Referral,2025-08-28
CUST10090,South,Mid-Market,Finance,Email,2025-01-29
CUST10091,North,SMB,Manufacturing,Referral,2026-01-02
CUST10092,East,Mid-Market,Finance,Event,2026-02-17
CUST10093,South,Mid-Market,Technology,Website,2025-06-02
CUST10094,South,SMB,Technology,Partner,2025-07-11
CUST10095,South,SMB,Finance,Referral,2025-05-10
CUST10096,East,SMB,Finance,Email,2025-08-01
CUST10097,South,SMB,Manufacturing,Email,2025-05-29
CUST10098,North,SMB,Finance,Event,2025-05-15
CUST10099,North,Mid-Market,Retail,Email,2025-08-23
CUST10100,West,SMB,Finance,Referral,2026-04-15
CUST10101,West,SMB,Healthcare,Referral,2026-02-21
CUST10102,East,Mid-Market,Retail,Event,2025-06-12
CUST10103,North,Mid-Market,Retail,Partner,2026-05-30
CUST10104,West,SMB,Retail,Website,2025-04-25
CUST10105,West,Enterprise,Technology,Event,2026-05-13
CUST10106,East,Enterprise,Retail,Email,2025-06-18
CUST10107,South,Mid-Market,Healthcare,Website,2025-10-22
CUST10108,South,Mid-Market,Retail,Email,2025-04-21
CUST10109,North,SMB,Retail,Email,2026-02-21
CUST10110,West,Enterprise,Retail,Email,2025-06-23
CUST10111,North,SMB,Manufacturing,Event,2026-04-22
CUST10112,North,Enterprise,Finance,Partner,2025-02-15
CUST10113,South,Mid-Market,Technology,Partner,2025-10-02
CUST10114,East,SMB,Retail,Email,2025-03-28
CUST10115,North,SMB,Retail,Website,2026-05-01
CUST10116,West,Mid-Market,Technology,Website,2025-08-16
CUST10117,West,Mid-Market,Technology,Event,2026-01-04
CUST10118,East,SMB,Healthcare,Referral,2026-04-26
CUST10119,South,Mid-Market,Manufacturing,Partner,2025-10-20
CUST10120,East,Enterprise,Finance,Referral,2025-02-01
CUST10121,East,SMB,Manufacturing,Referral,2025-05-01
CUST10122,East,SMB,Manufacturing,Partner,2025-04-27
CUST10123,North,SMB,Finance,Event,2026-05-15
CUST10124,South,Mid-Market,Retail,Partner,2026-05-11
CUST10125,North,SMB,Healthcare,Website,2025-09-18
CUST10126,South,Enterprise,Technology,Referral,2026-05-01
CUST10127,South,SMB,Healthcare,Website,2025-05-15
CUST10128,North,Mid-Market,Finance,Event,2026-01-06
CUST10129,North,SMB,Technology,Referral,2025-08-02
CUST10130,East,SMB,Healthcare,Referral,2025-05-12
CUST10131,North,Mid-Market,Technology,Website,2025-05-17
CUST10132,West,SMB,Retail,Partner,2025-08-18
CUST10133,East,Mid-Market,Manufacturing,Event,2025-07-05
CUST10134,South,Enterprise,Manufacturing,Partner,2025-04-26
CUST10135,East,Enterprise,Healthcare,Email,2025-07-02
CUST10136,North,Enterprise,Finance,Website,2025-03-12
CUST10137,West,SMB,Manufacturing,Website,2026-06-14
CUST10138,South,Mid-Market,Finance,Email,2025-07-27
CUST10139,West,Enterprise,Healthcare,Website,2025-02-28
CUST10140,North,SMB,Healthcare,Partner,2025-11-11
CUST10141,South,SMB,Retail,Referral,2026-04-28
CUST10142,South,Mid-Market,Finance,Website,2025-07-16
CUST10143,West,SMB,Manufacturing,Partner,2026-04-07
CUST10144,East,Mid-Market,Manufacturing,Event,2025-11-30
CUST10145,South,Enterprise,Technology,Website,2026-02-08
CUST10146,North,Mid-Market,Retail,Event,2025-06-11
CUST10147,South,SMB,Healthcare,Partner,2025-01-21
CUST10148,South,SMB,Finance,Email,2025-07-08
CUST10149,South,SMB,Healthcare,Website,2026-05-20
CUST10150,North,SMB,Healthcare,Event,2026-03-08
CUST10151,West,Mid-Market,Healthcare,Website,2026-03-05
CUST10152,West,Enterprise,Technology,Event,2026-04-25
CUST10153,North,SMB,Retail,Email,2025-07-23
CUST10154,East,SMB,Technology,Referral,2025-06-25
CUST10155,North,Enterprise,Healthcare,Website,2026-05-21
CUST10156,East,SMB,Technology,Email,2025-11-09
CUST10157,South,Mid-Market,Technology,Website,2025-06-12
CUST10158,East,SMB,Healthcare,Email,2025-06-01
CUST10159,East,Mid-Market,Manufacturing,Email,2026-04-24
CUST10160,West,SMB,Manufacturing,Referral,2025-01-30
CUST10161,North,Mid-Market,Healthcare,Referral,2025-02-03
CUST10162,West,SMB,Finance,Referral,2026-02-07
CUST10163,North,Mid-Market,Manufacturing,Referral,2025-01-01
CUST10164,North,SMB,Healthcare,Website,2025-04-04
CUST10165,East,SMB,Manufacturing,Referral,2026-06-25
CUST10166,South,Mid-Market,Technology,Email,2025-08-21
CUST10167,West,SMB,Healthcare,Referral,2026-02-02
CUST10168,West,SMB,Healthcare,Email,2025-09-23
CUST10169,South,SMB,Technology,Event,2025-02-19
CUST10170,West,SMB,Manufacturing,Email,2025-04-11
CUST10171,South,SMB,Manufacturing,Partner,2026-02-20
CUST10172,South,Enterprise,Healthcare,Referral,2025-02-21
CUST10173,North,SMB,Manufacturing,Event,2025-11-21
CUST10174,West,Mid-Market,Retail,Referral,2025-07-10
CUST10175,North,Enterprise,Manufacturing,Partner,2025-07-22
CUST10176,North,SMB,Manufacturing,Partner,2026-06-04
CUST10177,South,Mid-Market,Finance,Email,2025-11-27
CUST10178,West,Enterprise,Technology,Partner,2025-12-02
CUST10179,West,Mid-Market,Manufacturing,Email,2025-07-11
CUST10180,East,SMB,Retail,Event,2025-07-28
CUST10181,West,SMB,Manufacturing,Referral,2026-01-10
CUST10182,West,SMB,Manufacturing,Event,2025-01-22
CUST10183,South,Mid-Market,Technology,Website,2025-05-10
CUST10184,South,Enterprise,Finance,Event,2025-11-24
CUST10185,West,Enterprise,Technology,Website,2025-12-07
CUST10186,East,SMB,Unknown,Event,2025-02-20
CUST10187,South,Mid-Market,Manufacturing,Referral,2026-03-07
CUST10188,North,SMB,Manufacturing,Event,2025-10-24
CUST10189,East,Enterprise,Manufacturing,Website,2025-05-10
CUST10190,North,SMB,Manufacturing,Partner,2026-02-15
CUST10191,West,Enterprise,Retail,Event,2026-06-26
CUST10192,North,Enterprise,Finance,Website,2025-08-20
CUST10193,North,SMB,Manufacturing,Referral,2025-06-04
CUST10194,West,SMB,Finance,Website,2025-06-13
CUST10195,North,Enterprise,Retail,Referral,2025-11-20
CUST10196,North,SMB,Healthcare,Referral,2025-01-26
CUST10197,East,Mid-Market,Retail,Email,2025-09-21
CUST10198,West,Enterprise,Manufacturing,Referral,2025-01-14
CUST10199,North,Mid-Market,Retail,Website,2025-01-22
CUST10200,South,SMB,Finance,Website,2025-08-23
CUST10201,West,SMB,Technology,Event,2026-02-12
CUST10202,West,SMB,Technology,Event,2026-04-28
CUST10203,South,Enterprise,Retail,Referral,2025-02-17
CUST10204,North,SMB,Retail,Website,2025-05-14
CUST10205,North,SMB,Retail,Website,2025-08-19
CUST10206,North,SMB,Manufacturing,Event,2025-11-10
CUST10207,North,Enterprise,Finance,Email,2026-06-23
CUST10208,East,SMB,Manufacturing,Email,2026-01-09
CUST10209,North,Enterprise,Retail,Referral,2025-10-21
CUST10210,South,Mid-Market,Healthcare,Email,2025-02-03
CUST10211,East,Enterprise,Manufacturing,Website,2025-02-14
CUST10212,East,Enterprise,Technology,Email,2025-03-25
CUST10213,North,Enterprise,Finance,Partner,2025-12-27
CUST10214,West,Enterprise,Manufacturing,Referral,2025-06-30
CUST10215,East,SMB,Retail,Email,2025-05-12
CUST10216,East,Mid-Market,Manufacturing,Email,2026-01-01
CUST10217,North,Mid-Market,Technology,Partner,2026-03-22
CUST10218,North,Mid-Market,Finance,Website,2025-08-28
CUST10219,West,Enterprise,Retail,Website,2026-04-27
CUST10220,South,Enterprise,Retail,Event,2026-02-05
CUST10221,South,Mid-Market,Manufacturing,Referral,2026-01-27
CUST10222,South,SMB,Finance,Referral,2026-04-19
CUST10223,East,SMB,Retail,Email,2025-04-11
CUST10224,West,SMB,Finance,Referral,2026-02-19
CUST10225,South,SMB,Manufacturing,Referral,2026-06-07
CUST10226,West,SMB,Technology,Email,2026-06-26
CUST10227,North,SMB,Healthcare,Partner,2025-11-12
CUST10228,East,SMB,Technology,Email,2026-02-16
CUST10229,East,Mid-Market,Retail,Website,2026-05-01
CUST10230,North,SMB,Healthcare,Partner,2026-04-11
CUST10231,North,Enterprise,Healthcare,Partner,2026-05-06
CUST10232,South,Mid-Market,Manufacturing,Email,2026-03-31
CUST10233,West,SMB,Unknown,Website,2025-07-28
CUST10234,East,SMB,Technology,Website,2026-02-03
CUST10235,West,SMB,Technology,Email,2025-08-13
CUST10236,West,Enterprise,Healthcare,Email,2026-03-14
CUST10237,South,SMB,Manufacturing,Event,2026-03-19
CUST10238,West,Mid-Market,Finance,Referral,2026-05-26
CUST10239,North,Enterprise,Manufacturing,Event,2025-11-18
CUST10240,North,Enterprise,Healthcare,Referral,2025-09-17
CUST10241,West,SMB,Healthcare,Email,2025-04-01
CUST10242,West,SMB,Technology,Website,2025-12-15
CUST10243,North,SMB,Healthcare,Event,2025-11-06
CUST10244,East,SMB,Finance,Referral,2025-10-09
CUST10245,East,SMB,Manufacturing,Event,2026-01-05
CUST10246,West,Mid-Market,Healthcare,Referral,2026-04-10
CUST10247,East,Enterprise,Retail,Email,2025-03-23
CUST10248,South,Mid-Market,Retail,Partner,2025-08-24
CUST10249,South,Mid-Market,Healthcare,Website,2026-01-30
CUST10250,South,SMB,Manufacturing,Website,2026-03-24
CUST10251,East,Mid-Market,Finance,Email,2026-03-02
CUST10252,West,Mid-Market,Technology,Website,2026-03-13
CUST10253,South,Enterprise,Manufacturing,Referral,2026-04-12
CUST10254,North,Enterprise,Manufacturing,Partner,2026-06-10
CUST10255,North,SMB,Technology,Referral,2025-11-29
CUST10256,East,SMB,Manufacturing,Website,2025-05-16
CUST10257,West,SMB,Manufacturing,Email,2025-11-04
CUST10258,North,SMB,Manufacturing,Email,2026-01-23
CUST10259,North,Enterprise,Healthcare,Email,2025-02-24
CUST10260,East,SMB,Retail,Event,2026-02-18
CUST10261,North,Mid-Market,Finance,Website,2025-10-25
CUST10262,West,Mid-Market,Retail,Partner,2026-05-27
CUST10263,South,SMB,Retail,Referral,2025-04-26
CUST10264,North,SMB,Retail,Event,2026-05-11
CUST10265,West,Mid-Market,Finance,Partner,2025-09-02
CUST10266,North,Mid-Market,Retail,Website,2025-11-10
CUST10267,South,SMB,Finance,Email,2025-12-27
CUST10268,North,SMB,Technology,Website,2025-11-13
CUST10269,North,Mid-Market,Technology,Referral,2026-05-09
CUST10270,North,SMB,Manufacturing,Email,2025-04-02
CUST10271,North,Enterprise,Manufacturing,Partner,2026-02-03
CUST10272,South,SMB,Finance,Email,2026-06-17
CUST10273,North,SMB,Technology,Partner,2025-05-01
CUST10274,East,SMB,Retail,Event,2025-05-20
CUST10275,East,Mid-Market,Technology,Partner,2025-09-17
CUST10276,South,Mid-Market,Healthcare,Website,2026-01-31
CUST10277,South,SMB,Healthcare,Website,2026-06-08
CUST10278,South,Enterprise,Technology,Email,2026-03-11
CUST10279,West,SMB,Manufacturing,Website,2026-03-10
CUST10280,West,SMB,Finance,Referral,2025-08-29
CUST10281,North,SMB,Healthcare,Website,2025-12-19
CUST10282,North,SMB,Finance,Referral,2025-04-26
CUST10283,North,Mid-Market,Technology,Partner,2025-09-10
CUST10284,North,SMB,Finance,Website,2025-04-14
CUST10285,East,Mid-Market,Finance,Partner,2025-01-15
CUST10286,South,SMB,Healthcare,Event,2026-04-13
CUST10287,North,Enterprise,Manufacturing,Website,2026-03-16
CUST10288,South,SMB,Healthcare,Website,2025-10-06
CUST10289,South,Enterprise,Technology,Referral,2025-01-08
CUST10290,North,SMB,Finance,Event,2025-02-19
CUST10291,West,SMB,Manufacturing,Partner,2025-03-03
CUST10292,North,Enterprise,Healthcare,Email,2026-01-27
CUST10293,West,Mid-Market,Technology,Website,2025-04-22
CUST10294,North,Mid-Market,Manufacturing,Email,2025-05-17
CUST10295,West,SMB,Finance,Website,2026-04-16
CUST10296,West,Mid-Market,Technology,Email,2026-04-24
CUST10297,West,Enterprise,Retail,Website,2026-02-21
CUST10298,West,Mid-Market,Healthcare,Event,2025-06-19
CUST10299,West,SMB,Manufacturing,Referral,2025-11-13
CUST10300,East,Mid-Market,Healthcare,Website,2025-04-20
CUST10301,West,Mid-Market,Finance,Referral,2026-04-14
CUST10302,North,Enterprise,Finance,Website,2025-02-16
CUST10303,East,SMB,Healthcare,Website,2026-02-11
CUST10304,South,SMB,Finance,Partner,2025-10-07
CUST10305,West,Mid-Market,Technology,Referral,2026-02-18
CUST10306,South,Mid-Market,Retail,Referral,2025-09-04
CUST10307,South,Mid-Market,Retail,Event,2025-03-28
CUST10308,East,SMB,Manufacturing,Website,2026-02-15
CUST10309,North,SMB,Healthcare,Referral,2025-12-11
CUST10310,North,Mid-Market,Healthcare,Website,2025-09-11
CUST10311,South,SMB,Finance,Partner,2025-07-23
CUST10312,South,SMB,Retail,Referral,2025-07-07
CUST10313,North,Mid-Market,Manufacturing,Website,2025-09-20
CUST10314,South,Mid-Market,Technology,Website,2025-05-23
CUST10315,South,Enterprise,Healthcare,Event,2025-06-04
CUST10316,South,SMB,Healthcare,Website,2025-06-01
CUST10317,South,SMB,Healthcare,Email,2025-01-07
CUST10318,East,Enterprise,Finance,Event,2026-05-22
CUST10319,South,SMB,Manufacturing,Partner,2025-05-10
CUST10320,West,SMB,Technology,Referral,2025-04-01
CUST10321,West,SMB,Manufacturing,Email,2025-03-24
CUST10322,South,Mid-Market,Retail,Event,2026-06-24
CUST10323,South,Enterprise,Retail,Website,2025-09-18
CUST10324,East,Mid-Market,Retail,Event,2025-06-28
CUST10325,West,Mid-Market,Technology,Event,2025-08-09
CUST10326,East,SMB,Retail,Website,2025-02-18
CUST10327,West,SMB,Healthcare,Website,2025-06-21
CUST10328,East,SMB,Finance,Email,2025-05-16
CUST10329,East,SMB,Retail,Website,2026-03-15
CUST10330,South,SMB,Retail,Email,2025-02-01
CUST10331,East,SMB,Healthcare,Website,2025-08-21
CUST10332,North,SMB,Healthcare,Email,2026-03-08
CUST10333,South,Mid-Market,Finance,Referral,2026-04-01
CUST10334,West,Mid-Market,Technology,Website,2025-10-07
CUST10335,North,SMB,Retail,Website,2025-05-02
CUST10336,East,SMB,Technology,Website,2025-07-03
CUST10337,North,Mid-Market,Finance,Partner,2025-05-02
CUST10338,East,Mid-Market,Retail,Website,2025-12-28
CUST10339,North,Mid-Market,Technology,Event,2025-06-09
CUST10340,West,SMB,Manufacturing,Email,2025-12-11
CUST10341,North,Enterprise,Healthcare,Referral,2025-12-25
CUST10342,West,SMB,Technology,Event,2026-05-29
CUST10343,West,SMB,Retail,Email,2025-07-22
CUST10344,East,SMB,Finance,Email,2026-06-09
CUST10345,West,SMB,Retail,Website,2025-08-07
CUST10346,West,SMB,Retail,Email,2026-01-07
CUST10347,West,SMB,Finance,Partner,2025-12-28
CUST10348,North,Mid-Market,Manufacturing,Event,2026-03-23
CUST10349,East,SMB,Healthcare,Partner,2025-09-14
CUST10350,North,SMB,Finance,Email,2026-03-09
CUST10351,East,SMB,Technology,Referral,2025-07-14
CUST10352,North,SMB,Retail,Website,2025-09-26
CUST10353,East,SMB,Healthcare,Website,2025-09-30
CUST10354,East,SMB,Retail,Event,2026-01-20
CUST10355,South,SMB,Manufacturing,Email,2025-12-04
CUST10356,South,Mid-Market,Manufacturing,Referral,2025-02-12
CUST10357,West,Enterprise,Manufacturing,Email,2026-03-18
CUST10358,West,SMB,Technology,Website,2026-02-18
CUST10359,South,Mid-Market,Technology,Website,2025-02-27
CUST10360,East,Enterprise,Manufacturing,Partner,2026-06-10
CUST10361,West,Enterprise,Healthcare,Email,2025-12-27
CUST10362,North,Mid-Market,Technology,Event,2025-02-16
CUST10363,North,Enterprise,Healthcare,Email,2025-09-26
CUST10364,North,Enterprise,Manufacturing,Referral,2026-04-02
CUST10365,East,Mid-Market,Healthcare,Event,2025-06-02
CUST10366,South,SMB,Technology,Partner,2026-05-25
CUST10367,West,SMB,Retail,Event,2025-08-17
CUST10368,East,SMB,Technology,Website,2025-05-04
CUST10369,South,SMB,Healthcare,Website,2025-07-14
CUST10370,West,SMB,Technology,Website,2025-10-14
CUST10371,West,SMB,Retail,Event,2026-01-11
CUST10372,South,Mid-Market,Finance,Website,2026-05-22
CUST10373,South,Mid-Market,Manufacturing,Event,2025-04-17
CUST10374,South,Enterprise,Healthcare,Email,2026-06-09
CUST10375,North,SMB,Healthcare,Website,2025-10-16
CUST10376,North,SMB,Technology,Event,2025-03-11
CUST10377,West,Mid-Market,Healthcare,Website,2026-05-21
CUST10378,South,Enterprise,Finance,Website,2025-07-10
CUST10379,South,Enterprise,Technology,Partner,2025-12-05
CUST10380,East,Enterprise,Finance,Referral,2026-01-17
CUST10381,East,Enterprise,Manufacturing,Referral,2025-01-08
CUST10382,West,SMB,Retail,Website,2025-05-01
CUST10383,West,SMB,Retail,Email,2026-01-10
CUST10384,South,SMB,Manufacturing,Website,2025-06-27
CUST10385,South,Mid-Market,Retail,Referral,2025-01-06
CUST10386,West,Enterprise,Retail,Partner,2025-01-13
CUST10387,East,SMB,Manufacturing,Partner,2026-03-28
CUST10388,West,Mid-Market,Technology,Email,2025-03-25
CUST10389,North,SMB,Manufacturing,Referral,2025-02-24
CUST10390,West,SMB,Healthcare,Email,2025-11-04
CUST10391,East,SMB,Retail,Email,2025-03-06
CUST10392,North,SMB,Manufacturing,Referral,2025-12-23
CUST10393,East,Enterprise,Finance,Referral,2025-10-25
CUST10394,East,SMB,Technology,Partner,2025-12-21
CUST10395,North,Enterprise,Healthcare,Partner,2025-09-26
CUST10396,South,Mid-Market,Finance,Website,2026-03-01
CUST10397,West,SMB,Manufacturing,Partner,2025-12-19
CUST10398,South,SMB,Manufacturing,Website,2025-08-15
CUST10399,South,Mid-Market,Finance,Partner,2025-01-09
CUST10400,South,SMB,Manufacturing,Event,2025-05-30
CUST10401,South,Enterprise,Finance,Partner,2025-03-13
CUST10402,West,SMB,Finance,Email,2025-01-09
CUST10403,West,Mid-Market,Manufacturing,Referral,2025-05-30
CUST10404,North,Mid-Market,Retail,Event,2025-04-23
CUST10405,West,SMB,Finance,Event,2025-02-11
CUST10406,West,SMB,Finance,Event,2025-06-20
CUST10407,South,Enterprise,Retail,Email,2025-10-04
CUST10408,West,SMB,Retail,Email,2025-04-08
CUST10409,North,SMB,Finance,Partner,2025-05-30
CUST10410,West,SMB,Technology,Event,2025-01-11
CUST10411,East,SMB,Technology,Event,2025-01-28
CUST10412,East,Mid-Market,Technology,Partner,2025-03-27
CUST10413,North,Mid-Market,Finance,Website,2025-09-05
CUST10414,West,SMB,Retail,Website,2025-12-30
CUST10415,North,Enterprise,Manufacturing,Referral,2026-03-07
CUST10416,North,SMB,Healthcare,Website,2025-12-10
CUST10417,North,SMB,Retail,Referral,2025-12-03
CUST10418,West,Mid-Market,Retail,Website,2026-05-26
CUST10419,North,Enterprise,Technology,Event,2025-05-20
CUST10420,West,SMB,Healthcare,Website,2026-03-12
CUST10421,East,SMB,Healthcare,Email,2026-05-27
CUST10422,North,Mid-Market,Manufacturing,Referral,2025-11-06
CUST10423,North,Mid-Market,Manufacturing,Website,2026-04-04
CUST10424,North,SMB,Manufacturing,Email,2025-03-17
CUST10425,East,SMB,Finance,Event,2026-04-25
CUST10426,West,Mid-Market,Finance,Email,2025-11-04
CUST10427,North,SMB,Healthcare,Event,2025-05-01
CUST10428,West,SMB,Retail,Partner,2025-02-03
CUST10429,North,SMB,Technology,Email,2026-01-29
CUST10430,West,SMB,Healthcare,Website,2025-08-24
CUST10431,West,SMB,Technology,Event,2025-06-19
CUST10432,West,Enterprise,Finance,Email,2025-08-02
CUST10433,East,Mid-Market,Healthcare,Referral,2026-06-26
CUST10434,West,Mid-Market,Technology,Referral,2025-08-22
CUST10435,North,Enterprise,Unknown,Email,2025-02-13
CUST10436,North,SMB,Manufacturing,Website,2025-06-02
CUST10437,North,SMB,Finance,Event,2025-03-21
CUST10438,South,Enterprise,Manufacturing,Referral,2026-01-10
CUST10439,East,SMB,Manufacturing,Website,2026-03-14
CUST10440,East,Mid-Market,Manufacturing,Referral,2026-04-05
CUST10441,West,Mid-Market,Healthcare,Event,2025-12-12
CUST10442,North,SMB,Manufacturing,Referral,2026-02-24
CUST10443,East,SMB,Manufacturing,Partner,2025-08-16
CUST10444,North,SMB,Manufacturing,Event,2025-12-09
CUST10445,South,SMB,Healthcare,Website,2025-02-28
CUST10446,East,SMB,Healthcare,Email,2025-10-21
CUST10447,West,SMB,Finance,Referral,2025-11-01
CUST10448,East,Mid-Market,Manufacturing,Email,2025-01-17
CUST10449,North,Enterprise,Manufacturing,Website,2025-10-27
CUST10450,East,Mid-Market,Finance,Website,2026-01-30
CUST10451,North,SMB,Technology,Email,2025-07-20
CUST10452,West,SMB,Finance,Event,2025-10-25
CUST10453,East,SMB,Retail,Event,2025-06-06
CUST10454,North,SMB,Finance,Email,2025-05-28
CUST10455,North,Enterprise,Healthcare,Partner,2025-03-12
CUST10456,North,SMB,Healthcare,Website,2025-06-29
CUST10457,West,SMB,Technology,Referral,2026-03-15
CUST10458,South,Enterprise,Healthcare,Email,2026-05-26
CUST10459,West,SMB,Retail,Referral,2025-12-14
CUST10460,East,SMB,Healthcare,Partner,2025-12-07
CUST10461,East,SMB,Manufacturing,Website,2025-12-02
CUST10462,North,Mid-Market,Technology,Partner,2025-09-17
CUST10463,West,Mid-Market,Finance,Referral,2025-08-19
CUST10464,South,SMB,Finance,Website,2025-12-06
CUST10465,East,Enterprise,Manufacturing,Website,2026-03-05
CUST10466,East,Enterprise,Manufacturing,Partner,2025-08-14
CUST10467,East,Enterprise,Finance,Referral,2025-11-05
CUST10468,West,SMB,Retail,Website,2025-09-14
CUST10469,North,SMB,Retail,Partner,2025-06-05
CUST10470,South,Enterprise,Finance,Website,2025-06-08
CUST10471,South,SMB,Technology,Website,2025-02-13
CUST10472,South,Mid-Market,Finance,Website,2025-08-29
CUST10473,North,Mid-Market,Healthcare,Partner,2026-01-25
CUST10474,North,SMB,Finance,Event,2026-01-10
CUST10475,South,Mid-Market,Retail,Referral,2026-06-23
CUST10476,South,Enterprise,Healthcare,Referral,2025-01-22
CUST10477,South,Mid-Market,Healthcare,Referral,2026-02-20
CUST10478,East,SMB,Manufacturing,Referral,2026-03-11
CUST10479,East,Enterprise,Healthcare,Email,2025-08-27
CUST10480,South,Mid-Market,Technology,Referral,2025-06-04
CUST10481,South,Mid-Market,Retail,Email,2025-07-14
CUST10482,North,Enterprise,Retail,Event,2026-01-08
CUST10483,East,Mid-Market,Manufacturing,Event,2026-04-16
CUST10484,South,SMB,Retail,Partner,2025-12-17
CUST10485,North,SMB,Manufacturing,Email,2025-10-08
CUST10486,South,SMB,Finance,Event,2025-12-23
CUST10487,South,Mid-Market,Healthcare,Email,2025-02-08
CUST10488,North,Mid-Market,Manufacturing,Referral,2025-11-29
CUST10489,East,Mid-Market,Healthcare,Website,2025-01-24
CUST10490,East,SMB,Healthcare,Website,2026-06-08
CUST10491,East,Mid-Market,Manufacturing,Event,2026-05-01
CUST10492,East,Enterprise,Manufacturing,Partner,2025-10-05
CUST10493,East,SMB,Healthcare,Referral,2025-07-24
CUST10494,South,Mid-Market,Retail,Referral,2026-02-04
CUST10495,West,Mid-Market,Manufacturing,Referral,2025-12-15
CUST10496,East,Mid-Market,Retail,Event,2026-01-21
CUST10497,South,SMB,Technology,Email,2025-10-09
CUST10498,East,Mid-Market,Retail,Event,2025-05-10
CUST10499,South,Enterprise,Technology,Referral,2025-02-09
CUST10500,South,Mid-Market,Manufacturing,Partner,2025-06-04
CUST10501,East,Enterprise,Technology,Website,2025-10-16
CUST10502,West,Enterprise,Manufacturing,Event,2025-08-20
CUST10503,West,SMB,Technology,Partner,2025-10-04
CUST10504,South,Mid-Market,Finance,Partner,2025-06-01
CUST10505,South,SMB,Healthcare,Partner,2026-05-28
CUST10506,West,Enterprise,Manufacturing,Referral,2025-07-20
CUST10507,South,SMB,Healthcare,Event,2026-04-08
CUST10508,West,SMB,Retail,Partner,2025-08-02
CUST10509,South,Enterprise,Technology,Email,2025-08-31
CUST10510,North,SMB,Finance,Website,2025-11-26
CUST10511,North,Mid-Market,Manufacturing,Referral,2025-05-24
CUST10512,West,SMB,Manufacturing,Event,2025-05-01
CUST10513,North,Enterprise,Healthcare,Website,2025-07-27
CUST10514,South,Enterprise,Healthcare,Website,2026-03-16
CUST10515,South,SMB,Finance,Event,2025-03-20
CUST10516,North,Mid-Market,Finance,Referral,2025-08-27
CUST10517,South,SMB,Finance,Referral,2026-01-02
CUST10518,East,Mid-Market,Technology,Partner,2026-01-21
CUST10519,North,Mid-Market,Retail,Website,2025-08-26
CUST10520,West,Enterprise,Healthcare,Website,2025-02-14
CUST10521,West,SMB,Healthcare,Website,2025-01-09
CUST10522,South,SMB,Manufacturing,Website,2025-09-14
CUST10523,North,Mid-Market,Retail,Website,2026-03-19
CUST10524,East,Mid-Market,Healthcare,Email,2025-01-16
CUST10525,North,SMB,Manufacturing,Referral,2026-04-30
CUST10526,South,SMB,Healthcare,Website,2026-01-05
CUST10527,West,SMB,Finance,Website,2025-01-05
CUST10528,West,Enterprise,Healthcare,Partner,2025-07-07
CUST10529,North,SMB,Technology,Event,2025-05-01
CUST10530,South,SMB,Finance,Referral,2026-06-03
CUST10531,East,Enterprise,Finance,Website,2025-10-30
CUST10532,East,SMB,Manufacturing,Referral,2025-06-26
CUST10533,South,Mid-Market,Healthcare,Partner,2025-06-01
CUST10534,East,SMB,Manufacturing,Website,2025-11-04
CUST10535,North,Enterprise,Retail,Event,2025-01-03
CUST10536,North,Mid-Market,Technology,Email,2025-05-21
CUST10537,South,Enterprise,Retail,Referral,2025-04-01
CUST10538,North,SMB,Finance,Event,2025-12-05
CUST10539,North,Mid-Market,Healthcare,Referral,2026-01-01
CUST10540,West,Mid-Market,Finance,Website,2025-09-13
CUST10541,West,SMB,Healthcare,Event,2025-03-18
CUST10542,East,SMB,Retail,Event,2025-07-22
CUST10543,West,SMB,Finance,Referral,2026-04-06
CUST10544,West,Enterprise,Finance,Partner,2025-04-22
CUST10545,North,Mid-Market,Healthcare,Website,2025-03-31
CUST10546,South,Mid-Market,Healthcare,Email,2025-03-02
CUST10547,South,Mid-Market,Finance,Email,2026-03-22
CUST10548,North,Mid-Market,Finance,Email,2025-03-07
CUST10549,West,SMB,Healthcare,Partner,2025-11-14
CUST10550,South,SMB,Finance,Email,2026-06-30
CUST10551,South,Mid-Market,Healthcare,Partner,2025-12-17
CUST10552,North,SMB,Finance,Event,2025-08-14
CUST10553,North,Enterprise,Technology,Website,2025-04-23
CUST10554,West,Mid-Market,Finance,Partner,2025-01-02
CUST10555,North,SMB,Retail,Partner,2025-03-26
CUST10556,North,Mid-Market,Manufacturing,Partner,2026-06-05
CUST10557,South,SMB,Retail,Website,2025-03-20
CUST10558,South,Enterprise,Retail,Referral,2025-01-11
CUST10559,East,Enterprise,Unknown,Event,2026-03-22
CUST10560,South,Enterprise,Healthcare,Website,2025-08-17
CUST10561,North,SMB,Retail,Email,2025-07-14
CUST10562,North,SMB,Manufacturing,Email,2026-01-27
CUST10563,West,SMB,Finance,Partner,2025-10-13
CUST10564,East,SMB,Manufacturing,Website,2026-05-15
CUST10565,East,SMB,Healthcare,Website,2025-09-13
CUST10566,East,SMB,Technology,Referral,2026-01-25
CUST10567,West,Enterprise,Technology,Website,2026-04-25
CUST10568,North,SMB,Finance,Website,2025-09-11
CUST10569,South,SMB,Retail,Website,2025-06-05
CUST10570,East,Enterprise,Healthcare,Website,2026-06-17
CUST10571,South,Mid-Market,Retail,Event,2025-05-04
CUST10572,West,Mid-Market,Retail,Email,2025-01-22
CUST10573,South,Mid-Market,Healthcare,Website,2025-11-12
CUST10574,West,Enterprise,Healthcare,Email,2026-06-23
CUST10575,West,Mid-Market,Retail,Website,2025-02-17
CUST10576,South,Mid-Market,Retail,Partner,2026-04-09
CUST10577,West,Mid-Market,Technology,Website,2026-03-30
CUST10578,East,SMB,Healthcare,Website,2026-05-23
CUST10579,West,SMB,Finance,Website,2025-08-19
CUST10580,South,SMB,Finance,Partner,2025-05-20
CUST10581,South,SMB,Technology,Partner,2025-10-07
CUST10582,East,Mid-Market,Manufacturing,Referral,2025-03-19
CUST10583,North,SMB,Healthcare,Email,2026-04-06
CUST10584,South,SMB,Healthcare,Email,2025-12-29
CUST10585,West,SMB,Technology,Email,2025-09-21
CUST10586,East,Enterprise,Manufacturing,Partner,2025-10-09
CUST10587,North,SMB,Healthcare,Partner,2026-01-24
CUST10588,South,Mid-Market,Manufacturing,Partner,2025-10-13
CUST10589,North,Enterprise,Finance,Referral,2026-04-04
CUST10590,North,SMB,Manufacturing,Partner,2026-05-20
CUST10591,West,Mid-Market,Technology,Website,2026-06-03
CUST10592,South,SMB,Technology,Event,2025-12-05
CUST10593,South,SMB,Manufacturing,Referral,2026-02-10
CUST10594,East,Mid-Market,Manufacturing,Email,2025-06-19
CUST10595,North,Enterprise,Finance,Event,2025-01-21
CUST10596,South,SMB,Unknown,Partner,2025-08-07
CUST10597,East,Mid-Market,Manufacturing,Event,2026-04-21
CUST10598,East,SMB,Healthcare,Partner,2025-03-14
CUST10599,West,Mid-Market,Manufacturing,Website,2025-10-25
CUST10600,East,Mid-Market,Manufacturing,Website,2025-04-16
CUST10601,South,Mid-Market,Manufacturing,Website,2025-08-23
CUST10602,West,Mid-Market,Retail,Event,2025-03-20
CUST10603,West,SMB,Retail,Partner,2026-02-06
CUST10604,East,Mid-Market,Finance,Referral,2026-03-19
CUST10605,West,Mid-Market,Technology,Partner,2026-02-19
CUST10606,West,Mid-Market,Healthcare,Referral,2026-01-20
CUST10607,West,SMB,Retail,Event,2025-05-09
CUST10608,North,SMB,Manufacturing,Event,2025-10-17
CUST10609,East,SMB,Finance,Website,2025-02-27
CUST10610,South,SMB,Retail,Email,2025-07-24
CUST10611,East,SMB,Technology,Referral,2025-10-04
CUST10612,East,SMB,Finance,Website,2025-12-31
CUST10613,West,Mid-Market,Finance,Event,2025-02-22
CUST10614,West,SMB,Manufacturing,Website,2026-03-20
CUST10615,South,Enterprise,Healthcare,Referral,2025-09-08
CUST10616,East,Mid-Market,Healthcare,Website,2026-04-27
CUST10617,East,Mid-Market,Healthcare,Partner,2025-10-16
CUST10618,South,SMB,Technology,Partner,2025-10-26
CUST10619,North,SMB,Finance,Referral,2026-01-14
CUST10620,North,Mid-Market,Retail,Website,2026-03-24
CUST10621,West,Enterprise,Manufacturing,Website,2025-03-28
CUST10622,South,SMB,Manufacturing,Event,2025-10-07
CUST10623,West,Mid-Market,Technology,Event,2025-01-17
CUST10624,South,Mid-Market,Healthcare,Event,2025-09-17
CUST10625,West,Mid-Market,Healthcare,Partner,2026-03-21
CUST10626,South,SMB,Healthcare,Partner,2026-04-18
CUST10627,West,Mid-Market,Manufacturing,Email,2025-06-04
CUST10628,North,SMB,Technology,Email,2025-07-30
CUST10629,East,Enterprise,Technology,Partner,2025-10-29
CUST10630,West,SMB,Manufacturing,Referral,2025-08-05
CUST10631,West,SMB,Manufacturing,Partner,2025-04-08
CUST10632,West,Enterprise,Healthcare,Website,2025-06-16
CUST10633,North,SMB,Healthcare,Website,2025-08-09
CUST10634,South,SMB,Finance,Email,2025-10-11
CUST10635,North,SMB,Finance,Event,2026-05-18
CUST10636,North,SMB,Manufacturing,Website,2025-10-25
CUST10637,East,SMB,Finance,Website,2025-07-31
CUST10638,East,SMB,Technology,Website,2025-12-27
CUST10639,West,Mid-Market,Finance,Email,2026-02-27
CUST10640,West,Mid-Market,Finance,Referral,2025-08-24
CUST10641,East,SMB,Finance,Referral,2025-09-25
CUST10642,West,Mid-Market,Finance,Website,2025-04-29
CUST10643,North,SMB,Manufacturing,Event,2026-04-18
CUST10644,North,Enterprise,Manufacturing,Partner,2026-04-19
CUST10645,East,SMB,Healthcare,Email,2025-04-06
CUST10646,West,Mid-Market,Healthcare,Email,2025-07-08
CUST10647,North,SMB,Retail,Website,2025-05-29
CUST10648,South,Mid-Market,Finance,Event,2026-05-19
CUST10649,East,SMB,Finance,Partner,2025-02-05
CUST10650,North,Mid-Market,Technology,Email,2025-04-24
CUST10651,South,SMB,Healthcare,Referral,2025-06-21
CUST10652,West,Enterprise,Retail,Event,2025-11-02
CUST10653,East,Mid-Market,Manufacturing,Event,2025-05-16
CUST10654,North,Mid-Market,Retail,Partner,2025-10-20
CUST10655,West,Enterprise,Healthcare,Website,2026-02-12
CUST10656,South,Enterprise,Unknown,Event,2026-03-29
CUST10657,West,SMB,Technology,Event,2025-02-24
CUST10658,South,SMB,Healthcare,Partner,2025-03-17
CUST10659,East,SMB,Finance,Partner,2025-02-21
CUST10660,South,SMB,Manufacturing,Referral,2026-05-12
CUST10661,South,Mid-Market,Manufacturing,Website,2025-12-23
CUST10662,West,Enterprise,Technology,Event,2025-10-18
CUST10663,South,Enterprise,Retail,Partner,2026-03-08
CUST10664,North,Mid-Market,Healthcare,Referral,2025-11-17
CUST10665,South,Mid-Market,Technology,Email,2025-05-09
CUST10666,East,Enterprise,Finance,Website,2025-10-06
CUST10667,West,Enterprise,Technology,Website,2026-01-19
CUST10668,West,SMB,Healthcare,Referral,2025-01-20
CUST10669,South,Mid-Market,Finance,Partner,2025-11-28
CUST10670,South,Enterprise,Healthcare,Referral,2025-09-29
CUST10671,North,SMB,Finance,Website,2025-02-07
CUST10672,East,SMB,Finance,Referral,2025-05-24
CUST10673,West,Enterprise,Retail,Referral,2025-09-02
CUST10674,East,Enterprise,Technology,Partner,2025-07-07
CUST10675,East,Enterprise,Technology,Partner,2025-06-08
CUST10676,South,Mid-Market,Finance,Event,2025-12-21
CUST10677,West,SMB,Healthcare,Event,2025-08-09
CUST10678,South,SMB,Retail,Referral,2025-09-29
CUST10679,North,Mid-Market,Technology,Event,2026-03-12
CUST10680,South,Mid-Market,Finance,Partner,2025-02-20
CUST10681,North,Mid-Market,Manufacturing,Website,2025-07-16
CUST10682,North,Mid-Market,Technology,Referral,2025-02-09
CUST10683,North,SMB,Healthcare,Email,2026-05-22
CUST10684,South,Mid-Market,Manufacturing,Event,2025-04-12
CUST10685,East,SMB,Finance,Referral,2026-03-24
CUST10686,South,SMB,Technology,Website,2025-04-15
CUST10687,South,SMB,Healthcare,Website,2025-06-26
CUST10688,West,SMB,Retail,Website,2025-11-29
CUST10689,West,Enterprise,Manufacturing,Email,2026-03-30
CUST10690,East,SMB,Healthcare,Partner,2025-04-08
CUST10691,South,SMB,Finance,Partner,2025-04-27
CUST10692,West,Mid-Market,Retail,Email,2026-04-27
CUST10693,North,Mid-Market,Technology,Event,2025-06-25
CUST10694,South,SMB,Healthcare,Email,2025-04-25
CUST10695,West,SMB,Retail,Website,2026-02-10
CUST10696,South,SMB,Technology,Partner,2025-02-19
CUST10697,East,Mid-Market,Retail,Event,2026-04-19
CUST10698,East,SMB,Finance,Email,2026-04-24
CUST10699,East,SMB,Manufacturing,Referral,2026-04-13
CUST10700,South,SMB,Technology,Referral,2025-06-11
CUST10701,North,Mid-Market,Manufacturing,Event,2025-03-04
CUST10702,South,SMB,Healthcare,Website,2025-08-21
CUST10703,North,Enterprise,Technology,Partner,2025-07-02
CUST10704,West,SMB,Retail,Website,2026-06-08
CUST10705,South,Mid-Market,Finance,Event,2025-12-11
CUST10706,East,SMB,Manufacturing,Website,2026-05-31
CUST10707,West,SMB,Technology,Website,2026-02-14
CUST10708,West,SMB,Technology,Referral,2026-01-26
CUST10709,South,Mid-Market,Finance,Referral,2025-03-03
CUST10710,South,Enterprise,Manufacturing,Partner,2025-02-07
CUST10711,West,SMB,Finance,Referral,2025-01-26
CUST10712,East,SMB,Retail,Referral,2025-11-20
CUST10713,West,Enterprise,Manufacturing,Partner,2025-04-21
CUST10714,West,Mid-Market,Manufacturing,Partner,2026-06-25
CUST10715,West,SMB,Finance,Event,2025-03-14
CUST10716,North,SMB,Retail,Partner,2026-06-02
CUST10717,East,Mid-Market,Finance,Partner,2025-12-31
CUST10718,North,Mid-Market,Retail,Email,2025-02-27
CUST10719,East,Mid-Market,Finance,Website,2025-02-01
CUST10720,West,Enterprise,Finance,Email,2025-08-05
CUST10721,South,SMB,Finance,Event,2025-07-05
CUST10722,South,SMB,Retail,Referral,2025-06-22
CUST10723,North,SMB,Retail,Website,2025-10-16
CUST10724,West,SMB,Manufacturing,Referral,2025-03-12
CUST10725,North,SMB,Retail,Referral,2025-03-12
CUST10726,North,SMB,Technology,Partner,2026-01-15
CUST10727,North,SMB,Finance,Event,2026-06-25
CUST10728,North,Mid-Market,Healthcare,Partner,2025-05-30
CUST10729,South,SMB,Technology,Website,2026-05-24
CUST10730,South,SMB,Technology,Referral,2025-07-08
CUST10731,South,Mid-Market,Finance,Email,2025-07-03
CUST10732,North,Mid-Market,Manufacturing,Referral,2025-02-19
CUST10733,North,Mid-Market,Finance,Partner,2025-08-20
CUST10734,South,Mid-Market,Finance,Email,2025-09-29
CUST10735,North,Mid-Market,Technology,Referral,2025-12-29
CUST10736,East,SMB,Retail,Email,2025-03-28
CUST10737,North,SMB,Technology,Referral,2025-04-14
CUST10738,South,Mid-Market,Manufacturing,Website,2025-08-24
CUST10739,South,SMB,Manufacturing,Referral,2025-02-08
CUST10740,South,SMB,Manufacturing,Partner,2025-03-20
CUST10741,North,SMB,Healthcare,Website,2025-12-10
CUST10742,North,SMB,Technology,Event,2026-06-05
CUST10743,West,SMB,Healthcare,Partner,2025-11-09
CUST10744,North,SMB,Retail,Website,2025-03-21
CUST10745,South,Enterprise,Healthcare,Event,2026-06-26
CUST10746,South,Enterprise,Manufacturing,Event,2025-10-12
CUST10747,South,SMB,Technology,Website,2026-01-27
CUST10748,South,Enterprise,Technology,Website,2025-04-18
CUST10749,West,SMB,Healthcare,Referral,2025-11-12
CUST10750,West,Enterprise,Retail,Partner,2025-02-11
CUST10751,North,Enterprise,Retail,Email,2025-12-08
CUST10752,South,SMB,Healthcare,Partner,2025-04-21
CUST10753,North,Mid-Market,Retail,Email,2026-05-12
CUST10754,South,Enterprise,Retail,Website,2025-01-30
CUST10755,East,Enterprise,Finance,Email,2025-12-23
CUST10756,North,Enterprise,Finance,Event,2025-03-18
CUST10757,South,Mid-Market,Technology,Partner,2026-01-11
CUST10758,West,SMB,Healthcare,Partner,2025-09-27
CUST10759,North,Enterprise,Finance,Referral,2026-06-13
CUST10760,South,Mid-Market,Technology,Event,2025-12-22
CUST10761,East,Mid-Market,Finance,Website,2025-07-23
CUST10762,North,SMB,Technology,Referral,2025-02-17
CUST10763,North,Mid-Market,Retail,Website,2025-11-22
CUST10764,North,SMB,Technology,Event,2025-08-29
CUST10765,West,Mid-Market,Technology,Partner,2025-01-29
CUST10766,North,SMB,Retail,Event,2025-11-14
CUST10767,North,Mid-Market,Healthcare,Email,2025-04-25
CUST10768,North,Enterprise,Healthcare,Partner,2025-05-08
CUST10769,North,SMB,Healthcare,Partner,2025-01-05
CUST10770,East,Mid-Market,Healthcare,Referral,2025-07-23
CUST10771,North,SMB,Retail,Partner,2025-04-30
CUST10772,East,Enterprise,Retail,Email,2025-02-09
CUST10773,East,Mid-Market,Healthcare,Event,2025-08-26
CUST10774,West,SMB,Retail,Partner,2025-05-01
CUST10775,North,SMB,Retail,Event,2025-03-15
CUST10776,West,SMB,Finance,Event,2025-09-12
CUST10777,East,SMB,Finance,Partner,2025-02-04
CUST10778,North,Enterprise,Manufacturing,Partner,2026-06-25
CUST10779,West,Mid-Market,Finance,Website,2025-09-15
CUST10780,West,SMB,Healthcare,Referral,2026-06-28
CUST10781,North,Enterprise,Finance,Event,2026-04-27
CUST10782,West,SMB,Manufacturing,Website,2026-06-19
CUST10783,South,Enterprise,Retail,Referral,2025-10-24
CUST10784,East,SMB,Technology,Email,2025-08-20
CUST10785,West,Mid-Market,Finance,Referral,2026-01-29
CUST10786,South,Enterprise,Retail,Event,2025-02-14
CUST10787,West,SMB,Healthcare,Email,2026-04-04
CUST10788,South,Mid-Market,Manufacturing,Website,2025-06-26
CUST10789,West,Enterprise,Manufacturing,Referral,2025-01-05
CUST10790,East,SMB,Manufacturing,Email,2025-05-10
CUST10791,North,SMB,Technology,Event,2025-05-13
CUST10792,South,Mid-Market,Finance,Event,2025-01-08
CUST10793,South,SMB,Finance,Event,2026-01-01
CUST10794,North,SMB,Retail,Website,2025-02-21
CUST10795,North,SMB,Manufacturing,Email,2026-04-08
CUST10796,South,Mid-Market,Healthcare,Website,2025-09-05
CUST10797,North,SMB,Finance,Website,2026-01-28
CUST10798,North,SMB,Retail,Email,2025-07-05
CUST10799,East,Enterprise,Retail,Partner,2025-03-14
CUST10800,East,Mid-Market,Retail,Email,2025-04-09
CUST10801,East,Enterprise,Healthcare,Event,2025-12-19
CUST10802,South,SMB,Manufacturing,Website,2026-01-26
CUST10803,West,Enterprise,Technology,Partner,2025-05-27
CUST10804,East,Mid-Market,Finance,Event,2025-07-14
CUST10805,North,SMB,Retail,Partner,2026-05-31
CUST10806,North,Enterprise,Technology,Partner,2026-04-11
CUST10807,East,SMB,Finance,Partner,2025-08-14
CUST10808,North,SMB,Unknown,Event,2025-05-12
CUST10809,South,SMB,Retail,Website,2025-06-14
CUST10810,West,Mid-Market,Technology,Event,2025-10-21
CUST10811,North,SMB,Healthcare,Event,2025-11-06
CUST10812,North,SMB,Healthcare,Event,2025-04-11
CUST10813,West,SMB,Retail,Partner,2025-02-05
CUST10814,East,SMB,Healthcare,Partner,2025-09-28
CUST10815,North,SMB,Finance,Referral,2026-03-12
CUST10816,West,Mid-Market,Retail,Referral,2025-03-25
CUST10817,West,SMB,Retail,Event,2025-08-11
CUST10818,East,SMB,Technology,Partner,2025-03-30
CUST10819,East,Mid-Market,Manufacturing,Email,2025-05-13
CUST10820,South,SMB,Technology,Website,2025-12-01
CUST10821,North,Mid-Market,Technology,Email,2025-06-06
CUST10822,East,SMB,Technology,Email,2025-05-25
CUST10823,South,SMB,Healthcare,Event,2026-06-28
CUST10824,East,SMB,Manufacturing,Website,2025-04-05
CUST10825,West,SMB,Healthcare,Partner,2025-04-14
CUST10826,North,SMB,Retail,Partner,2026-05-23
CUST10827,East,Mid-Market,Finance,Partner,2025-10-28
CUST10828,North,SMB,Technology,Website,2025-01-24
CUST10829,West,Mid-Market,Finance,Partner,2025-08-21
CUST10830,North,Mid-Market,Technology,Referral,2025-11-05
CUST10831,East,SMB,Finance,Email,2025-05-19
CUST10832,East,Mid-Market,Finance,Referral,2025-10-27
CUST10833,South,SMB,Finance,Partner,2025-12-21
CUST10834,East,SMB,Healthcare,Email,2025-05-17
CUST10835,East,SMB,Retail,Website,2026-03-20
CUST10836,East,Mid-Market,Finance,Email,2025-09-05
CUST10837,West,Enterprise,Healthcare,Email,2026-06-11
CUST10838,West,SMB,Finance,Website,2025-02-17
CUST10839,South,Mid-Market,Technology,Website,2025-06-27
CUST10840,South,Mid-Market,Manufacturing,Event,2026-01-29
CUST10841,North,SMB,Retail,Referral,2026-05-04
CUST10842,West,Mid-Market,Healthcare,Event,2025-05-02
CUST10843,South,Mid-Market,Retail,Partner,2026-06-20
CUST10844,South,Enterprise,Retail,Referral,2025-04-16
CUST10845,North,Enterprise,Retail,Referral,2025-08-16
CUST10846,West,SMB,Technology,Email,2025-06-21
CUST10847,South,SMB,Manufacturing,Website,2025-08-20
CUST10848,East,Mid-Market,Manufacturing,Partner,2026-05-08
CUST10849,North,SMB,Manufacturing,Referral,2026-02-04
CUST10850,West,SMB,Manufacturing,Website,2026-03-11
CUST10851,North,Enterprise,Manufacturing,Referral,2025-05-19
CUST10852,North,SMB,Retail,Partner,2026-06-02
CUST10853,West,SMB,Technology,Email,2025-08-26
CUST10854,West,Enterprise,Finance,Website,2025-12-22
CUST10855,North,SMB,Healthcare,Event,2026-01-16
CUST10856,South,SMB,Healthcare,Event,2025-12-28
CUST10857,East,Enterprise,Manufacturing,Email,2025-11-25
CUST10858,West,SMB,Manufacturing,Event,2025-09-20
CUST10859,South,SMB,Finance,Partner,2025-12-20
CUST10860,South,SMB,Retail,Event,2026-05-10
CUST10861,East,Enterprise,Technology,Email,2025-08-01
CUST10862,East,SMB,Healthcare,Partner,2025-10-06
CUST10863,West,Mid-Market,Manufacturing,Website,2025-04-09
CUST10864,East,SMB,Finance,Partner,2025-07-13
CUST10865,North,SMB,Finance,Event,2026-02-26
CUST10866,West,Enterprise,Finance,Event,2025-12-16
CUST10867,West,Mid-Market,Healthcare,Partner,2025-04-26
CUST10868,West,Enterprise,Manufacturing,Referral,2025-10-26
CUST10869,North,SMB,Retail,Email,2026-03-20
CUST10870,North,Mid-Market,Retail,Website,2025-03-09
CUST10871,East,Enterprise,Healthcare,Website,2025-02-03
CUST10872,North,SMB,Retail,Partner,2025-08-03
CUST10873,West,SMB,Manufacturing,Event,2025-12-25
CUST10874,South,Enterprise,Retail,Referral,2025-06-21
CUST10875,East,SMB,Finance,Partner,2026-03-25
CUST10876,West,Mid-Market,Healthcare,Referral,2026-04-08
CUST10877,South,Enterprise,Finance,Partner,2025-10-18
CUST10878,South,SMB,Healthcare,Website,2025-07-26
CUST10879,East,SMB,Retail,Partner,2025-01-23
CUST10880,East,SMB,Technology,Partner,2026-03-25
CUST10881,South,SMB,Technology,Referral,2026-05-04
CUST10882,East,SMB,Retail,Referral,2025-08-30
CUST10883,West,Mid-Market,Healthcare,Email,2025-10-09
CUST10884,South,SMB,Finance,Website,2026-02-16
CUST10885,North,Mid-Market,Finance,Website,2026-01-15
CUST10886,South,SMB,Finance,Website,2025-03-15
CUST10887,South,SMB,Retail,Event,2026-01-03
CUST10888,North,SMB,Healthcare,Referral,2026-05-20
CUST10889,North,Mid-Market,Retail,Website,2026-02-14
CUST10890,East,SMB,Healthcare,Event,2025-09-20
CUST10891,South,SMB,Healthcare,Website,2025-10-13
CUST10892,West,Enterprise,Finance,Referral,2025-05-22
CUST10893,North,Mid-Market,Manufacturing,Website,2025-12-27
CUST10894,North,SMB,Healthcare,Email,2025-05-12
CUST10895,West,Enterprise,Finance,Email,2025-07-06
CUST10896,West,SMB,Technology,Email,2025-05-25
CUST10897,South,SMB,Technology,Referral,2025-07-03
CUST10898,North,SMB,Retail,Referral,2025-07-20
CUST10899,North,SMB,Retail,Event,2025-02-15
CUST10900,South,SMB,Healthcare,Event,2026-01-27
CUST10901,South,Mid-Market,Retail,Website,2025-08-29
CUST10902,North,SMB,Healthcare,Email,2026-06-03
CUST10903,North,Mid-Market,Healthcare,Event,2025-04-09
CUST10904,South,Enterprise,Finance,Partner,2026-01-01
CUST10905,West,Mid-Market,Healthcare,Email,2025-04-08
CUST10906,East,Mid-Market,Manufacturing,Website,2025-10-26
CUST10907,South,Mid-Market,Unknown,Website,2025-09-26
CUST10908,North,Enterprise,Healthcare,Website,2025-09-02
CUST10909,North,SMB,Finance,Website,2025-12-24
CUST10910,South,SMB,Retail,Event,2026-03-29
CUST10911,West,Mid-Market,Healthcare,Email,2025-06-22
CUST10912,West,Mid-Market,Manufacturing,Email,2026-04-09
CUST10913,West,SMB,Finance,Referral,2025-04-11
CUST10914,West,Mid-Market,Retail,Event,2025-06-09
CUST10915,West,SMB,Manufacturing,Website,2025-06-19
CUST10916,West,Enterprise,Finance,Event,2026-06-05
CUST10917,North,SMB,Technology,Website,2025-03-06
CUST10918,North,SMB,Retail,Website,2025-08-04
CUST10919,South,SMB,Technology,Website,2025-08-20
CUST10920,East,SMB,Finance,Email,2026-03-13
CUST10921,North,SMB,Manufacturing,Referral,2025-09-23
CUST10922,West,SMB,Finance,Partner,2026-06-12
CUST10923,East,SMB,Retail,Partner,2026-02-09
CUST10924,East,SMB,Finance,Email,2026-01-20
CUST10925,North,SMB,Healthcare,Referral,2026-02-16
CUST10926,North,SMB,Healthcare,Website,2025-03-30
CUST10927,North,SMB,Finance,Referral,2025-09-03
CUST10928,West,SMB,Unknown,Referral,2025-11-17
CUST10929,East,SMB,Finance,Email,2025-04-24
CUST10930,East,SMB,Finance,Email,2025-03-06
CUST10931,South,SMB,Manufacturing,Website,2025-03-16
CUST10932,South,Mid-Market,Technology,Email,2026-03-07
CUST10933,South,Enterprise,Manufacturing,Website,2025-12-25
CUST10934,West,Enterprise,Finance,Email,2025-06-03
CUST10935,West,Mid-Market,Retail,Referral,2026-02-07
CUST10936,North,Mid-Market,Finance,Referral,2026-01-15
CUST10937,West,SMB,Healthcare,Partner,2026-03-22
CUST10938,North,Mid-Market,Manufacturing,Referral,2026-05-12
CUST10939,West,Mid-Market,Healthcare,Email,2026-04-27
CUST10940,North,Enterprise,Technology,Event,2025-04-09
CUST10941,North,Enterprise,Retail,Event,2026-02-25
CUST10942,West,SMB,Retail,Partner,2025-08-03
CUST10943,North,Mid-Market,Manufacturing,Partner,2025-08-09
CUST10944,South,Mid-Market,Finance,Partner,2025-12-20
CUST10945,South,SMB,Technology,Email,2025-11-25
CUST10946,North,Enterprise,Technology,Partner,2025-08-18
CUST10947,East,SMB,Finance,Partner,2026-06-30
CUST10948,West,Enterprise,Healthcare,Partner,2025-04-06
CUST10949,West,Mid-Market,Manufacturing,Referral,2025-02-22
CUST10950,South,SMB,Technology,Partner,2025-01-16
CUST10951,East,Mid-Market,Manufacturing,Email,2026-03-21
CUST10952,North,SMB,Healthcare,Partner,2025-08-11
CUST10953,North,Mid-Market,Technology,Event,2025-08-27
CUST10954,North,Mid-Market,Healthcare,Event,2025-12-21
CUST10955,West,Mid-Market,Technology,Partner,2025-08-26
CUST10956,West,Enterprise,Finance,Event,2025-11-10
CUST10957,West,SMB,Healthcare,Website,2025-02-01
CUST10958,South,SMB,Finance,Event,2025-03-27
CUST10959,South,SMB,Finance,Referral,2026-05-24
CUST10960,South,SMB,Technology,Partner,2025-09-04
CUST10961,East,SMB,Technology,Referral,2025-04-02
CUST10962,South,SMB,Technology,Partner,2025-07-21
CUST10963,North,SMB,Technology,Referral,2025-07-02
CUST10964,North,SMB,Technology,Email,2025-05-30
CUST10965,West,Enterprise,Healthcare,Website,2025-06-10
CUST10966,South,SMB,Finance,Event,2026-02-03
CUST10967,West,Enterprise,Healthcare,Event,2025-02-28
CUST10968,North,SMB,Healthcare,Partner,2025-06-19
CUST10969,East,SMB,Finance,Partner,2025-09-13
CUST10970,North,Mid-Market,Finance,Email,2025-10-22
CUST10971,North,SMB,Healthcare,Website,2026-04-26
CUST10972,North,SMB,Healthcare,Email,2026-05-20
CUST10973,North,Mid-Market,Finance,Referral,2025-06-12
CUST10974,West,SMB,Technology,Email,2025-10-22
CUST10975,South,SMB,Finance,Referral,2025-01-13
CUST10976,East,Mid-Market,Manufacturing,Email,2025-12-03
CUST10977,South,SMB,Healthcare,Email,2025-03-25
CUST10978,South,Enterprise,Technology,Referral,2025-02-09
CUST10979,East,SMB,Retail,Email,2026-01-02
CUST10980,North,Enterprise,Technology,Partner,2025-04-08
CUST10981,West,Mid-Market,Technology,Referral,2025-09-18
CUST10982,West,Enterprise,Technology,Partner,2025-02-25
CUST10983,East,Enterprise,Manufacturing,Event,2026-02-12
CUST10984,South,SMB,Manufacturing,Website,2026-02-22
CUST10985,North,Mid-Market,Finance,Event,2025-11-10
CUST10986,West,SMB,Retail,Event,2026-04-02
CUST10987,South,Mid-Market,Retail,Partner,2025-08-27
CUST10988,North,Mid-Market,Retail,Email,2025-04-12
CUST10989,South,SMB,Finance,Referral,2025-03-24
CUST10990,West,Enterprise,Manufacturing,Website,2025-04-30
CUST10991,East,SMB,Retail,Partner,2025-04-20
CUST10992,West,Mid-Market,Technology,Event,2025-06-26
CUST10993,North,Mid-Market,Healthcare,Referral,2025-04-28
CUST10994,North,SMB,Manufacturing,Email,2025-11-19
CUST10995,West,Mid-Market,Finance,Email,2025-03-23
CUST10996,South,Mid-Market,Healthcare,Email,2025-12-06
CUST10997,East,SMB,Manufacturing,Referral,2025-07-02
CUST10998,North,Mid-Market,Retail,Referral,2026-01-10
CUST10999,West,SMB,Finance,Partner,2025-10-08
CUST11000,South,Mid-Market,Finance,Event,2026-05-10
CUST11001,North,SMB,Technology,Event,2025-08-29
CUST11002,South,Enterprise,Healthcare,Partner,2025-06-11
CUST11003,North,Enterprise,Finance,Event,2025-11-18
CUST11004,North,SMB,Manufacturing,Partner,2025-12-26
CUST11005,East,SMB,Healthcare,Referral,2025-08-28
CUST11006,South,Mid-Market,Technology,Website,2025-11-02
CUST11007,West,Mid-Market,Finance,Email,2025-09-15
CUST11008,South,SMB,Manufacturing,Email,2025-06-16
CUST11009,East,SMB,Finance,Event,2025-06-21
CUST11010,South,SMB,Healthcare,Email,2026-05-11
CUST11011,East,Enterprise,Retail,Website,2026-01-04
CUST11012,East,SMB,Retail,Partner,2025-02-22
CUST11013,South,Enterprise,Healthcare,Email,2026-06-10
CUST11014,West,SMB,Manufacturing,Partner,2026-01-24
CUST11015,South,Enterprise,Finance,Partner,2025-01-28
CUST11016,North,SMB,Technology,Event,2026-02-02
CUST11017,East,SMB,Finance,Email,2025-11-18
CUST11018,West,Enterprise,Manufacturing,Email,2026-05-15
CUST11019,North,Enterprise,Healthcare,Partner,2025-09-25
CUST11020,South,SMB,Finance,Referral,2025-10-11
CUST11021,West,SMB,Retail,Partner,2025-06-21
CUST11022,East,SMB,Retail,Event,2025-06-25
CUST11023,West,SMB,Manufacturing,Email,2025-12-04
CUST11024,East,SMB,Technology,Email,2026-03-28
CUST11025,East,Enterprise,Finance,Website,2026-05-02
CUST11026,South,SMB,Finance,Event,2026-02-25
CUST11027,West,Mid-Market,Technology,Referral,2025-11-29
CUST11028,South,SMB,Retail,Event,2025-10-01
CUST11029,North,SMB,Technology,Partner,2025-07-05
CUST11030,South,Mid-Market,Finance,Event,2026-02-24
CUST11031,East,SMB,Healthcare,Event,2025-06-23
CUST11032,East,Mid-Market,Technology,Email,2025-05-27
CUST11033,South,SMB,Manufacturing,Event,2026-04-19
CUST11034,West,Enterprise,Healthcare,Email,2025-11-18
CUST11035,South,Mid-Market,Healthcare,Event,2025-07-13
CUST11036,East,Enterprise,Manufacturing,Website,2026-04-18
CUST11037,South,SMB,Manufacturing,Website,2026-06-10
CUST11038,South,SMB,Technology,Partner,2025-06-23
CUST11039,South,SMB,Healthcare,Event,2025-10-12
CUST11040,North,Mid-Market,Retail,Email,2025-09-22
CUST11041,North,SMB,Retail,Partner,2026-01-19
CUST11042,East,SMB,Manufacturing,Partner,2026-06-04
CUST11043,East,SMB,Finance,Email,2025-10-27
CUST11044,East,SMB,Technology,Event,2026-03-12
CUST11045,North,SMB,Manufacturing,Event,2025-11-22
CUST11046,South,SMB,Technology,Website,2026-04-30
CUST11047,North,SMB,Technology,Partner,2025-08-09
CUST11048,West,Mid-Market,Retail,Referral,2025-07-30
CUST11049,West,SMB,Retail,Email,2025-08-19
CUST11050,North,SMB,Technology,Partner,2026-06-29
CUST11051,East,Mid-Market,Technology,Event,2025-11-30
CUST11052,North,Mid-Market,Finance,Partner,2025-03-25
CUST11053,South,SMB,Healthcare,Email,2025-01-23
CUST11054,North,Mid-Market,Retail,Website,2025-10-11
CUST11055,South,Enterprise,Finance,Event,2026-03-16
CUST11056,East,Mid-Market,Finance,Website,2025-09-19
CUST11057,West,Enterprise,Finance,Referral,2025-11-02
CUST11058,North,Mid-Market,Healthcare,Event,2026-03-12
CUST11059,East,SMB,Healthcare,Event,2025-10-09
CUST11060,East,SMB,Retail,Partner,2026-05-12
CUST11061,West,Mid-Market,Finance,Partner,2025-12-15
CUST11062,North,Enterprise,Finance,Website,2026-02-04
CUST11063,North,SMB,Finance,Event,2026-03-03
CUST11064,East,SMB,Healthcare,Website,2025-12-09
CUST11065,South,Mid-Market,Manufacturing,Website,2025-01-28
CUST11066,West,SMB,Finance,Partner,2025-08-22
CUST11067,South,Mid-Market,Retail,Website,2025-03-19
CUST11068,East,Mid-Market,Manufacturing,Website,2025-10-06
CUST11069,North,Mid-Market,Manufacturing,Email,2025-03-20
CUST11070,South,Enterprise,Retail,Email,2025-10-06
CUST11071,West,Mid-Market,Retail,Referral,2025-07-07
CUST11072,East,Mid-Market,Finance,Email,2025-01-12
CUST11073,South,Mid-Market,Retail,Email,2025-03-10
CUST11074,West,Enterprise,Healthcare,Referral,2025-10-02
CUST11075,West,Enterprise,Retail,Email,2025-02-13
CUST11076,South,SMB,Technology,Partner,2026-04-13
CUST11077,East,Mid-Market,Manufacturing,Event,2026-02-19
CUST11078,South,SMB,Healthcare,Website,2026-01-23
CUST11079,East,Enterprise,Retail,Referral,2025-04-04
CUST11080,South,Mid-Market,Technology,Referral,2026-03-11
CUST11081,North,SMB,Technology,Referral,2025-12-13
CUST11082,West,SMB,Manufacturing,Event,2025-08-02
CUST11083,West,SMB,Manufacturing,Email,2025-01-01
CUST11084,West,Mid-Market,Healthcare,Partner,2025-10-16
CUST11085,West,SMB,Technology,Partner,2026-03-11
CUST11086,East,SMB,Manufacturing,Event,2025-01-19
CUST11087,West,Enterprise,Manufacturing,Partner,2025-01-29
CUST11088,West,Mid-Market,Technology,Referral,2025-07-29
CUST11089,South,SMB,Retail,Website,2025-10-07
CUST11090,South,SMB,Healthcare,Referral,2025-09-17
CUST11091,North,Enterprise,Retail,Email,2025-08-21
CUST11092,East,Mid-Market,Finance,Partner,2025-05-20
CUST11093,South,Mid-Market,Technology,Partner,2025-02-02
CUST11094,North,SMB,Healthcare,Partner,2025-01-18
CUST11095,East,SMB,Finance,Event,2025-02-23
CUST11096,South,SMB,Retail,Event,2026-01-12
CUST11097,North,Mid-Market,Technology,Website,2026-03-06
CUST11098,West,SMB,Manufacturing,Website,2025-08-26
CUST11099,West,SMB,Retail,Referral,2025-02-12
CUST11100,North,Mid-Market,Manufacturing,Event,2025-08-15
CUST11101,North,Enterprise,Manufacturing,Partner,2026-06-23
CUST11102,South,Mid-Market,Technology,Event,2025-05-17
CUST11103,West,SMB,Technology,Email,2025-09-26
CUST11104,West,SMB,Retail,Partner,2025-10-21
CUST11105,North,SMB,Technology,Referral,2025-06-30
CUST11106,West,SMB,Technology,Referral,2025-08-28
CUST11107,North,Mid-Market,Finance,Website,2025-09-15
CUST11108,South,SMB,Manufacturing,Partner,2025-09-16
CUST11109,West,Mid-Market,Retail,Referral,2026-01-27
CUST11110,North,Enterprise,Finance,Referral,2025-11-14
CUST11111,North,Enterprise,Technology,Website,2025-01-30
CUST11112,South,SMB,Healthcare,Email,2025-01-04
CUST11113,East,SMB,Retail,Event,2025-08-13
CUST11114,West,SMB,Technology,Partner,2026-05-11
CUST11115,West,SMB,Finance,Partner,2025-01-21
CUST11116,North,SMB,Technology,Event,2025-02-08
CUST11117,North,SMB,Healthcare,Partner,2026-01-06
CUST11118,West,Mid-Market,Healthcare,Email,2025-09-04
CUST11119,South,SMB,Retail,Partner,2025-05-06
CUST11120,West,Enterprise,Manufacturing,Partner,2025-04-24
CUST11121,East,SMB,Technology,Partner,2025-12-30
CUST11122,North,SMB,Retail,Email,2025-10-13
CUST11123,West,SMB,Retail,Email,2025-12-15
CUST11124,North,SMB,Manufacturing,Partner,2025-06-03
CUST11125,South,SMB,Manufacturing,Website,2025-10-15
CUST11126,East,Enterprise,Technology,Event,2026-04-15
CUST11127,South,SMB,Retail,Event,2025-06-22
CUST11128,East,SMB,Finance,Website,2025-08-05
CUST11129,East,Mid-Market,Technology,Referral,2025-03-31
CUST11130,West,SMB,Healthcare,Event,2025-12-15
CUST11131,West,Mid-Market,Manufacturing,Referral,2025-01-18
CUST11132,South,SMB,Finance,Event,2025-05-16
CUST11133,North,Enterprise,Healthcare,Email,2026-01-25
CUST11134,East,SMB,Healthcare,Event,2025-01-11
CUST11135,West,SMB,Manufacturing,Website,2026-06-25
CUST11136,South,Mid-Market,Healthcare,Partner,2025-08-09
CUST11137,South,Enterprise,Technology,Partner,2025-08-06
CUST11138,South,SMB,Finance,Event,2025-10-20
CUST11139,North,Mid-Market,Manufacturing,Referral,2025-12-15
CUST11140,East,SMB,Technology,Referral,2025-09-08
CUST11141,South,SMB,Healthcare,Website,2026-04-28
CUST11142,West,SMB,Finance,Email,2026-06-10
CUST11143,West,Mid-Market,Technology,Event,2025-04-20
CUST11144,West,SMB,Retail,Website,2026-01-21
CUST11145,South,Mid-Market,Healthcare,Referral,2025-06-14
CUST11146,South,SMB,Technology,Referral,2026-06-28
CUST11147,East,Enterprise,Healthcare,Event,2025-05-19
CUST11148,West,Enterprise,Manufacturing,Partner,2025-06-11
CUST11149,South,SMB,Manufacturing,Referral,2026-01-25
CUST11150,West,SMB,Finance,Referral,2026-03-07
CUST11151,North,SMB,Finance,Partner,2025-03-12
CUST11152,West,Enterprise,Manufacturing,Referral,2025-10-31
CUST11153,North,SMB,Technology,Website,2025-07-08
CUST11154,North,Mid-Market,Retail,Event,2025-12-01
CUST11155,East,SMB,Retail,Partner,2025-10-31
CUST11156,North,Mid-Market,Retail,Referral,2026-06-23
CUST11157,North,SMB,Healthcare,Email,2026-05-25
CUST11158,North,Mid-Market,Retail,Email,2025-12-24
CUST11159,South,Enterprise,Retail,Website,2026-01-06
CUST11160,West,SMB,Manufacturing,Website,2026-05-06
CUST11161,North,Enterprise,Technology,Website,2025-04-11
CUST11162,East,SMB,Retail,Email,2026-02-01
CUST11163,West,SMB,Manufacturing,Email,2026-02-26
CUST11164,North,Enterprise,Healthcare,Email,2025-03-11
CUST11165,North,Mid-Market,Retail,Email,2026-04-27
CUST11166,West,Mid-Market,Technology,Partner,2026-01-17
CUST11167,West,SMB,Retail,Partner,2025-07-09
CUST11168,East,SMB,Retail,Email,2025-09-22
CUST11169,West,SMB,Technology,Referral,2025-09-25
CUST11170,North,Mid-Market,Technology,Event,2026-05-17
CUST11171,South,SMB,Retail,Event,2026-06-14
CUST11172,East,SMB,Healthcare,Event,2026-03-17
CUST11173,North,SMB,Finance,Event,2025-12-23
CUST11174,West,SMB,Technology,Referral,2025-02-26
CUST11175,South,SMB,Manufacturing,Website,2026-05-15
CUST11176,West,SMB,Finance,Partner,2025-03-15
CUST11177,South,Enterprise,Manufacturing,Email,2025-04-02
CUST11178,South,Mid-Market,Technology,Email,2025-02-08
CUST11179,North,SMB,Healthcare,Referral,2026-06-02
CUST11180,North,Mid-Market,Retail,Referral,2025-09-27
CUST11181,West,Enterprise,Retail,Partner,2025-05-09
CUST11182,North,SMB,Retail,Event,2025-02-14
CUST11183,North,SMB,Manufacturing,Website,2025-08-13
CUST11184,North,SMB,Manufacturing,Referral,2026-01-31
CUST11185,North,SMB,Technology,Referral,2026-06-28
CUST11186,West,Mid-Market,Healthcare,Event,2025-10-29
CUST11187,South,Enterprise,Manufacturing,Partner,2025-11-28
CUST11188,West,SMB,Finance,Website,2026-04-02
CUST11189,North,Mid-Market,Manufacturing,Referral,2026-05-08
CUST11190,East,SMB,Finance,Website,2025-06-02
CUST11191,South,Mid-Market,Technology,Partner,2026-06-26
CUST11192,South,Mid-Market,Finance,Event,2025-10-11
CUST11193,West,SMB,Manufacturing,Partner,2026-05-23
CUST11194,West,SMB,Retail,Event,2025-03-06
CUST11195,West,Mid-Market,Technology,Email,2025-02-23
CUST11196,North,Enterprise,Healthcare,Event,2026-04-28
CUST11197,North,SMB,Manufacturing,Referral,2026-01-03
CUST11198,East,SMB,Manufacturing,Event,2025-04-06
CUST11199,South,SMB,Retail,Referral,2026-05-04
CUST11200,East,Mid-Market,Technology,Partner,2025-02-25
